Event,Room,Category,Color,TimeSlot,Utility_general_JRW
AMV Contest Overflow,"('Hynes', 'Fan Creations 312')",Fan Creations,#CCFF66,"['09:00', '09:15', '09:30', '09:45', '10:00', '10:15', '10:30', '10:45', '11:00', '11:15', '11:30', '11:45', '12:00', '12:15', '12:30', '12:45', '13:00', '13:15', '13:30', '13:45', '14:00', '14:15', '14:30', '14:45']",5
An Hour With Steve Blum,"('Sheraton', 'Panel Constitution A')",Panel,#72B7ED,"['12:00', '12:15', '12:30', '12:45']",6
"Armor, Swords, and - Lobsters? Explore the Craft of Japanese Metalwork","('Hynes', 'Panel 208')",Fan Content,#FF69B4,"['11:00', '11:15', '11:30', '11:45']",5
Break Your Brain: A history of psychological anime,"('Sheraton', 'Panel Constitution B')",Anime,#FFFF00,"['11:00', '11:15', '11:30', '11:45']",4
Charity Auction,"('Sheraton', 'Panel Republic')",Activity,#F7931E,"['09:30', '09:45', '10:00', '10:15', '10:30', '10:45', '11:00', '11:15', '11:30', '11:45', '12:00', '12:15']",5
Closing Ceremonies,"('Hynes', 'Memorial Auditorium')",Family Friendly,#A64FF7,"['15:00', '15:15', '15:30', '15:45']",5
Code Geass and why its themes remain relevant,"('Hynes', 'Events 302')",Panel,#72B7ED,"['09:00', '09:15', '09:30', '09:45']",6
Contemporary Literary Women of Japan,"('Sheraton', 'Panel Gardner')",Fan Content,#FF69B4,"['12:30', '12:45', '13:00', '13:15']",5
Convention Feedback,"('Hynes', 'Panel 207')",Panel,#72B7ED,"['16:00', '16:15', '16:30', '16:45']",6
Cosplay Armor 101,"('Hynes', 'Panel 208')",Cosplay,#CC99FF,"['12:30', '12:45', '13:00', '13:15']",5
Cosplay Runway,"('Hynes', 'Ballroom B')",Cosplay,#CC99FF,"['11:00', '11:15', '11:30', '11:45']",5
Cosplay Scavenger Hunt,"('Hynes', 'Panel 202')",Activity,#F7931E,"['13:00', '13:15', '13:30', '13:45', '14:00', '14:15', '14:30', '14:45']",5
Cosplay Singer,"('Hynes', 'Events 302')",Stage Show,#AFE1F1,"['14:00', '14:15', '14:30', '14:45']",6
Crowning Moments & Global Cosplay Competitions,"('Hynes', 'Panel 309')",Panel,#72B7ED,"['10:30', '10:45', '11:00', '11:15']",6
Culture of Change: Addressing Racism in Cosplay,"('Hynes', 'Panel 309')",Representation,#00FFFF,"['09:00', '09:15', '09:30', '09:45']",4
Death Note,"('Hynes', 'Video 210')",Video,#66A3D2,"['10:00', '10:15', '10:30', '10:45', '11:00', '11:15', '11:30', '11:45']",4
Demon Slayer Gathering,"('Hynes', 'Ballroom A')",Social Gatherings,#FF3366,"['10:30', '10:45', '11:00', '11:15']",5
Endangered Languages of Japan,"('Sheraton', 'Panel Gardner')",History,#CCFFCC,"['14:00', '14:15', '14:30', '14:45']",5
Food of the Occident: A History of Yōshoku and Foreign Policy,"('Sheraton', 'Panel Constitution A')",Fan Content,#FF69B4,"['09:00', '09:15', '09:30', '09:45']",5
Friends to Lovers: What Do These Tropes Even Mean,"('Hynes', 'Panel 202')",Anime,#FFFF00,"['11:00', '11:15', '11:30', '11:45']",4
From Black Butler to Twisted Wonderland: Inspiration and Magic,"('Hynes', 'Panel 310')",Anime,#FFFF00,"['12:30', '12:45', '13:00', '13:15']",4
From Gum to Gundam: Anime Funding Through History,"('Sheraton', 'Panel Constitution B')",Panel,#72B7ED,"['14:00', '14:15', '14:30', '14:45']",6
Gender Non-Conforming Men in Lolita Fashion,"('Hynes', 'Panel 202')",Fashion,#CC99FF,"['09:30', '09:45', '10:00', '10:15']",5
Goodnight Mr. Nook,"('Sheraton', 'Panel Constitution B')",Guest Content,#00FF00,"['12:30', '12:45', '13:00', '13:15']",5
Gundam Building - Beginner,"('Sheraton', 'Panel Gardner')",Partner Content|Workshop,#F7931E|#FF69B4,"['11:00', '11:15', '11:30', '11:45']",2
Idol Showcase,"('Hynes', 'Memorial Auditorium')",Family Friendly,#A64FF7,"['10:30', '10:45', '11:00', '11:15', '11:30', '11:45', '12:00', '12:15']",5
Itabag Show & Tell,"('Sheraton', 'Workshop Fairfax')",Family Friendly,#A64FF7,"['13:30', '13:45', '14:00', '14:15', '14:30', '14:45']",5
J-Fashion Swap Meet,"('Hynes', 'Ballroom A')",Fashion,#CC99FF,"['12:30', '12:45', '13:00', '13:15', '13:30', '13:45', '14:00', '14:15', '14:30', '14:45']",5
Killing Point! K-Pop Skit Contest,"('Hynes', 'Ballroom B')",Stage Show,#AFE1F1,"['13:30', '13:45', '14:00', '14:15', '14:30', '14:45']",6
Magnificiant Danger Concert,"('Sheraton', 'Grand Ballroom')",Concert,#AFE1F1,"['12:30', '12:45', '13:00', '13:15']",7
Make a Soot Sprite Keychain,"('Sheraton', 'Workshop Fairfax')",Workshop,#F7931E,"['11:00', '11:15', '11:30', '11:45', '12:00', '12:15', '12:30', '12:45']",5
Mythology of Final Fantasy,"('Sheraton', 'Panel Constitution A')",Fan Content,#FF69B4,"['13:30', '13:45', '14:00', '14:15']",5
Name That Anime Tune,"('Hynes', 'Panel 207')",Gameshow,#72B7ED,"['09:00', '09:15', '09:30', '09:45']",7
Plastic Love: A Crash Course To Anime Figures,"('Sheraton', 'Panel Gardner')",Panel,#72B7ED,"['09:30', '09:45', '10:00', '10:15']",6
Preserving and Documenting Anime Fandom History,"('Hynes', 'Panel 207')",Anime,#FFFF00,"['12:00', '12:15', '12:30', '12:45']",4
Princess Mononoke who Really was the Villain?,"('Hynes', 'Panel 310')",Panel,#72B7ED,"['14:00', '14:15', '14:30', '14:45']",6
Relationships and Identity: Witch From Mercury and The Tempest,"('Hynes', 'Panel 309')",Fan Content,#FF69B4,"['12:00', '12:15', '12:30', '12:45']",5
Reviewing Anime,"('Hynes', 'Panel 207')",Guest Content,#00FF00,"['10:30', '10:45', '11:00', '11:15']",5
Sailor Moon,"('Hynes', 'Video 210')",Family Friendly,#A64FF7,"['08:00', '08:15', '08:30', '08:45', '09:00', '09:15', '09:30', '09:45']",5
Sketchbook Swap,"('Sheraton', 'Workshop Fairfax')",Social Event|Workshop,#F7931E,"['09:30', '09:45', '10:00', '10:15', '10:30', '10:45']",7
The Con-Goer's Guide to a Happy Spine,"('Hynes', 'Ballroom A')",Fan Content,#FF69B4,"['09:30', '09:45', '10:00', '10:15']",5
The Making of Pokémon: The First Movie,"('Sheraton', 'Panel Constitution A')",Fan Content,#FF69B4,"['10:30', '10:45', '11:00', '11:15']",5
The Modern Arcade: Building Arcade Cabs Today!,"('Hynes', 'Panel 310')",Gaming,#FFCC00,"['11:00', '11:15', '11:30', '11:45']",6
The Real Life Pirates of One Piece,"('Hynes', 'Panel 309')",History,#CCFFCC,"['13:30', '13:45', '14:00', '14:15']",5
Utattemita 101: From Vocaloid to Tokyo Dome,"('Sheraton', 'Panel Constitution B')",Panel,#72B7ED,"['09:30', '09:45', '10:00', '10:15']",6
Voice Actor Roundtable,"('Hynes', 'Events 302')",Panel,#72B7ED,"['12:00', '12:15', '12:30', '12:45']",6
We're Still Here: Then & Now as a Transgender Anime Fan,"('Hynes', 'Panel 208')",Panel,#72B7ED,"['14:00', '14:15', '14:30', '14:45']",6
Where the Wild Pics Are: A Guide to On-Location Cosplay Photography,"('Hynes', 'Panel 207')",Cosplay,#CC99FF,"['13:30', '13:45', '14:00', '14:15']",5
Why All Cosplayers Should Try LARPing,"('Hynes', 'Events 302')",Cosplay,#CC99FF,"['10:30', '10:45', '11:00', '11:15']",5
Why Did You Come to Japan?,"('Hynes', 'Panel 310')",Panel,#72B7ED,"['09:30', '09:45', '10:00', '10:15']",6
Yume Nikki & the Wide World of Indie Horror,"('Hynes', 'Panel 208')",Fan Content,#FF69B4,"['09:30', '09:45', '10:00', '10:15']",5
